Among Us,Noonz,Matt,Steeb,Dan,Eller,Raven,Evo,Tony,Zaz,Gab,Wolflover,Adenaden3,Fetta,Eric,Bear,Gerg,Xeno
Skribble,Noonz,Matt,Gab,Dan,Fetta,Eric,Evo,Raven,Eller,Gerg,Tony,Bear,,,,,
Gears 5,Noonz,Matt,Zaz,Steeb,Raven,Evo,Tony,Bear,,,,,,,,,
Rust,Noonz,Matt,Tony,Dan,Raven,Fetta,Evo,Tony,,,,,,,,,
Smash,Eller,Steeb,Raven,Dan,Zaz,Gerg,Tony,Bear,Alex,,,,,,,,
Civ (5 or 6 TBD),Noonz,Gab,Dan,Wolflover,Fetta,Raven,Tony,,,,,,,,,,
Gang Beasts,Noonz,Matt,Steeb,Gab,Tony,,,,,,,,,,,,
Pokemon (Showdown),Noonz,Matt,Steeb,Gab,Dan,Raven,Eller,Gerg,Xeno,,,,,,,,
Rocket League,Noonz,Matt,Gab,Dan,Johan,Tony,Bear,,,,,,,,,,
Apex Legends,Noonz,Steeb,Matt,Gab,Dan,Fetta,Raven,Tony,Bear,,,,,,,,
Dead by Daylight,Noonz,Steeb,Dan,Gab,Wolflover,Raven,Gerg,,,,,,,,,,
Overwatch,Noonz,Matt,Gab,Dan,Fetta,Raven,Eller,Tony,Bear,Gerg,,,,,,,
Smite,Noonz,Steeb,Gab,Tony,,,,,,,,,,,,,
Mario Kart,Matt,Dan,Wolflover,Eller,Gerg,Tony,,,,,,,,,,,
Halo 3 Swiftball,Noonz,Matt,Dan,Wolflover,Eller,Evo,Steeb,Gerg,,,,,,,,,
Keep Talking & Nobody Explodes,Noonz,Dan,Gab,Fetta,Evo,Raven,Tony,,,,,,,,,,
Clash Royale (Mobile),Noonz,Matt,Dan,Gab,,,,,,,,,,,,,
Legends of Runeterra,Matt,Steeb,Gab,Johan,Raven,Bear,,,,,,,,,,,
CS:GO,Dan,Noonz,Gab,Fetta,Tony,,,,,,,,,,,,
Rainbow 6 Siege,Gab,Noonz,Dan,Matt,,,,,,,,,,,,,
Mario Party,Matt,Eller,Tony,,,,,,,,,,,,,,
Team Fortress 2,Evo,Noonz,Gab,,,,,,,,,,,,,,
Path of Exile,Evo,Steeb,Raven,,,,,,,,,,,,,,
Dark Souls 3,Evo,Gab,Tony,,,,,,,,,,,,,,
Barony,Tony,,,,,,,,,,,,,,,,
Teamfight Tactics,Steeb,Gerg,Raven,Alex,,,,,,,,,,,,,
League,Steeb,Gerg,Raven,Alex,,,,,,,,,,,,,